{
  "configVersion": 1,
  "timestamp": 1650705449349,
  "index": "/index.html",
  "assetGroups": [
    {
      "name": "app",
      "installMode": "prefetch",
      "updateMode": "prefetch",
      "cacheQueryOptions": {
        "ignoreVary": true
      },
      "urls": [
        "/231.1cc320a34fb67488.js",
        "/964.6af18280b2290e3c.js",
        "/977.24a1e1e6c712888e.js",
        "/favicon.ico",
        "/index.html",
        "/main.386015975527e7ec.js",
        "/manifest.webmanifest",
        "/polyfills.8d2333b106c7cbfa.js",
        "/runtime.5f479de1cb9d370b.js",
        "/scripts.26a754aece22335e.js",
        "/styles.e15d455fdf4063e1.css"
      ],
      "patterns": []
    },
    {
      "name": "assets",
      "installMode": "lazy",
      "updateMode": "prefetch",
      "cacheQueryOptions": {
        "ignoreVary": true
      },
      "urls": [
        "/assets/css/style.css",
        "/assets/icons/icon-128x128.png",
        "/assets/icons/icon-144x144.png",
        "/assets/icons/icon-152x152.png",
        "/assets/icons/icon-192x192.png",
        "/assets/icons/icon-384x384.png",
        "/assets/icons/icon-512x512.png",
        "/assets/icons/icon-72x72.png",
        "/assets/icons/icon-96x96.png",
        "/assets/img/404.svg",
        "/assets/img/QRCode.png",
        "/assets/img/apple-watch.png",
        "/assets/img/bg1-dark.png",
        "/assets/img/bg1.png",
        "/assets/img/bg2-dark.png",
        "/assets/img/bg2.png",
        "/assets/img/bg3-dark.png",
        "/assets/img/bg3.png",
        "/assets/img/card-bg.png",
        "/assets/img/categories1.png",
        "/assets/img/categories2.png",
        "/assets/img/categories3.jpg",
        "/assets/img/categories3.png",
        "/assets/img/categories4.png",
        "/assets/img/categories5.png",
        "/assets/img/centerbutton.svg",
        "/assets/img/checkmark.svg",
        "/assets/img/circle.svg",
        "/assets/img/company2-50.png",
        "/assets/img/company2.png",
        "/assets/img/company3.jpg",
        "/assets/img/company4.jpg",
        "/assets/img/company5.png",
        "/assets/img/company6.png",
        "/assets/img/company7.jpg",
        "/assets/img/darkbg-1.png",
        "/assets/img/darkbg-2.png",
        "/assets/img/darkbg-3.png",
        "/assets/img/favicon.png",
        "/assets/img/favicon144.png",
        "/assets/img/favicon152.png",
        "/assets/img/favicon16.png",
        "/assets/img/favicon180.png",
        "/assets/img/favicon192.png",
        "/assets/img/favicon32.png",
        "/assets/img/favicon48.png",
        "/assets/img/favicon512.png",
        "/assets/img/favicon72.png",
        "/assets/img/favicon76.png",
        "/assets/img/favicon96.png",
        "/assets/img/gomobileux-html.png",
        "/assets/img/hand.png",
        "/assets/img/hands2.png",
        "/assets/img/image1.png",
        "/assets/img/image2.jpg",
        "/assets/img/image3.jpg",
        "/assets/img/image4.jpg",
        "/assets/img/intro2img.png",
        "/assets/img/introimg.png",
        "/assets/img/lock.png",
        "/assets/img/logo.png",
        "/assets/img/maestro.png",
        "/assets/img/map@2x.png",
        "/assets/img/menubg.svg",
        "/assets/img/news.jpg",
        "/assets/img/news1.jpg",
        "/assets/img/news2.jpg",
        "/assets/img/news3.jpg",
        "/assets/img/news4.jpg",
        "/assets/img/news5.jpg",
        "/assets/img/news6.png",
        "/assets/img/offerbg.png",
        "/assets/img/password-bg.svg",
        "/assets/img/profilebg.svg",
        "/assets/img/progress.png",
        "/assets/img/setting-menu-1@2x.png",
        "/assets/img/setting-menu-2@2x.png",
        "/assets/img/setting-menu-3@2x.png",
        "/assets/img/splash2.png",
        "/assets/img/user1.jpg",
        "/assets/img/user2.jpg",
        "/assets/img/user3.jpg",
        "/assets/img/user4.jpg",
        "/assets/img/verficationbg.svg",
        "/assets/img/visa.png",
        "/assets/js/popper.min.js",
        "/assets/scss/_avatar.scss",
        "/assets/scss/_body.scss",
        "/assets/scss/_button.scss",
        "/assets/scss/_card_toast_modal.scss",
        "/assets/scss/_darkmode.scss",
        "/assets/scss/_filter.scss",
        "/assets/scss/_footer.scss",
        "/assets/scss/_form.scss",
        "/assets/scss/_fullcalendar.scss",
        "/assets/scss/_header.scss",
        "/assets/scss/_list.scss",
        "/assets/scss/_loader.scss",
        "/assets/scss/_logo.scss",
        "/assets/scss/_rtl.scss",
        "/assets/scss/_sidebar.scss",
        "/assets/scss/_swiperslides.scss",
        "/assets/scss/_tabs.scss",
        "/assets/scss/_tags.scss",
        "/assets/scss/_text.scss",
        "/assets/scss/_thankyou.scss",
        "/assets/scss/_utility.scss",
        "/assets/scss/_variables.scss",
        "/assets/scss/style.scss",
        "/assets/types/typing.d.ts",
        "/assets/vendor/bootstrap-5/js/bootstrap.bundle.js",
        "/assets/vendor/bootstrap-5/js/bootstrap.bundle.min.js",
        "/assets/vendor/bootstrap-5/js/bootstrap.js",
        "/assets/vendor/bootstrap-5/js/bootstrap.min.js",
        "/assets/vendor/bootstrap-5/scss/_accordion.scss",
        "/assets/vendor/bootstrap-5/scss/_alert.scss",
        "/assets/vendor/bootstrap-5/scss/_badge.scss",
        "/assets/vendor/bootstrap-5/scss/_breadcrumb.scss",
        "/assets/vendor/bootstrap-5/scss/_button-group.scss",
        "/assets/vendor/bootstrap-5/scss/_buttons.scss",
        "/assets/vendor/bootstrap-5/scss/_card.scss",
        "/assets/vendor/bootstrap-5/scss/_carousel.scss",
        "/assets/vendor/bootstrap-5/scss/_close.scss",
        "/assets/vendor/bootstrap-5/scss/_containers.scss",
        "/assets/vendor/bootstrap-5/scss/_dropdown.scss",
        "/assets/vendor/bootstrap-5/scss/_forms.scss",
        "/assets/vendor/bootstrap-5/scss/_functions.scss",
        "/assets/vendor/bootstrap-5/scss/_grid.scss",
        "/assets/vendor/bootstrap-5/scss/_helpers.scss",
        "/assets/vendor/bootstrap-5/scss/_images.scss",
        "/assets/vendor/bootstrap-5/scss/_list-group.scss",
        "/assets/vendor/bootstrap-5/scss/_mixins.scss",
        "/assets/vendor/bootstrap-5/scss/_modal.scss",
        "/assets/vendor/bootstrap-5/scss/_nav.scss",
        "/assets/vendor/bootstrap-5/scss/_navbar.scss",
        "/assets/vendor/bootstrap-5/scss/_offcanvas.scss",
        "/assets/vendor/bootstrap-5/scss/_pagination.scss",
        "/assets/vendor/bootstrap-5/scss/_popover.scss",
        "/assets/vendor/bootstrap-5/scss/_progress.scss",
        "/assets/vendor/bootstrap-5/scss/_reboot.scss",
        "/assets/vendor/bootstrap-5/scss/_root.scss",
        "/assets/vendor/bootstrap-5/scss/_spinners.scss",
        "/assets/vendor/bootstrap-5/scss/_tables.scss",
        "/assets/vendor/bootstrap-5/scss/_toasts.scss",
        "/assets/vendor/bootstrap-5/scss/_tooltip.scss",
        "/assets/vendor/bootstrap-5/scss/_transitions.scss",
        "/assets/vendor/bootstrap-5/scss/_type.scss",
        "/assets/vendor/bootstrap-5/scss/_utilities.scss",
        "/assets/vendor/bootstrap-5/scss/_variables.scss",
        "/assets/vendor/bootstrap-5/scss/bootstrap-grid.scss",
        "/assets/vendor/bootstrap-5/scss/bootstrap-reboot.scss",
        "/assets/vendor/bootstrap-5/scss/bootstrap-utilities.scss",
        "/assets/vendor/bootstrap-5/scss/bootstrap.scss",
        "/assets/vendor/bootstrap-5/scss/forms/_floating-labels.scss",
        "/assets/vendor/bootstrap-5/scss/forms/_form-check.scss",
        "/assets/vendor/bootstrap-5/scss/forms/_form-control.scss",
        "/assets/vendor/bootstrap-5/scss/forms/_form-range.scss",
        "/assets/vendor/bootstrap-5/scss/forms/_form-select.scss",
        "/assets/vendor/bootstrap-5/scss/forms/_form-text.scss",
        "/assets/vendor/bootstrap-5/scss/forms/_input-group.scss",
        "/assets/vendor/bootstrap-5/scss/forms/_labels.scss",
        "/assets/vendor/bootstrap-5/scss/forms/_validation.scss",
        "/assets/vendor/bootstrap-5/scss/helpers/_clearfix.scss",
        "/assets/vendor/bootstrap-5/scss/helpers/_colored-links.scss",
        "/assets/vendor/bootstrap-5/scss/helpers/_position.scss",
        "/assets/vendor/bootstrap-5/scss/helpers/_ratio.scss",
        "/assets/vendor/bootstrap-5/scss/helpers/_stretched-link.scss",
        "/assets/vendor/bootstrap-5/scss/helpers/_text-truncation.scss",
        "/assets/vendor/bootstrap-5/scss/helpers/_visually-hidden.scss",
        "/assets/vendor/bootstrap-5/scss/mixins/_alert.scss",
        "/assets/vendor/bootstrap-5/scss/mixins/_border-radius.scss",
        "/assets/vendor/bootstrap-5/scss/mixins/_box-shadow.scss",
        "/assets/vendor/bootstrap-5/scss/mixins/_breakpoints.scss",
        "/assets/vendor/bootstrap-5/scss/mixins/_buttons.scss",
        "/assets/vendor/bootstrap-5/scss/mixins/_caret.scss",
        "/assets/vendor/bootstrap-5/scss/mixins/_clearfix.scss",
        "/assets/vendor/bootstrap-5/scss/mixins/_color-scheme.scss",
        "/assets/vendor/bootstrap-5/scss/mixins/_container.scss",
        "/assets/vendor/bootstrap-5/scss/mixins/_deprecate.scss",
        "/assets/vendor/bootstrap-5/scss/mixins/_forms.scss",
        "/assets/vendor/bootstrap-5/scss/mixins/_gradients.scss",
        "/assets/vendor/bootstrap-5/scss/mixins/_grid.scss",
        "/assets/vendor/bootstrap-5/scss/mixins/_image.scss",
        "/assets/vendor/bootstrap-5/scss/mixins/_list-group.scss",
        "/assets/vendor/bootstrap-5/scss/mixins/_lists.scss",
        "/assets/vendor/bootstrap-5/scss/mixins/_pagination.scss",
        "/assets/vendor/bootstrap-5/scss/mixins/_reset-text.scss",
        "/assets/vendor/bootstrap-5/scss/mixins/_resize.scss",
        "/assets/vendor/bootstrap-5/scss/mixins/_table-variants.scss",
        "/assets/vendor/bootstrap-5/scss/mixins/_text-truncate.scss",
        "/assets/vendor/bootstrap-5/scss/mixins/_transition.scss",
        "/assets/vendor/bootstrap-5/scss/mixins/_utilities.scss",
        "/assets/vendor/bootstrap-5/scss/mixins/_visually-hidden.scss",
        "/assets/vendor/bootstrap-5/scss/utilities/_api.scss",
        "/assets/vendor/bootstrap-5/scss/vendor/_rfs.scss",
        "/assets/vendor/swiper/swiper-bundle.min.css",
        "/bg1-dark.78af507dee80201f.png",
        "/bg1.59890ee7f74c3029.png",
        "/bg2-dark.6804081197e94054.png",
        "/bg2.f6e1fca81e24aea6.png",
        "/bg3-dark.b3cc647295a8a0d8.png",
        "/bg3.5d42bb44a4472920.png"
      ],
      "patterns": []
    }
  ],
  "dataGroups": [],
  "hashTable": {
    "/231.1cc320a34fb67488.js": "1cb394c75c6d299966fa5a4f0a1735db63d17090",
    "/964.6af18280b2290e3c.js": "1a04b7e7bc6895daea39cbb5eaf6f619a822ca0a",
    "/977.24a1e1e6c712888e.js": "bd33b693029c250da4ce364b3e694c98aee52ac1",
    "/assets/css/style.css": "4b87e34fd3975c51d607ef70ea7b42214f7b461c",
    "/assets/icons/icon-128x128.png": "dae3b6ed49bdaf4327b92531d4b5b4a5d30c7532",
    "/assets/icons/icon-144x144.png": "b0bd89982e08f9bd2b642928f5391915b74799a7",
    "/assets/icons/icon-152x152.png": "7479a9477815dfd9668d60f8b3b2fba709b91310",
    "/assets/icons/icon-192x192.png": "1abd80d431a237a853ce38147d8c63752f10933b",
    "/assets/icons/icon-384x384.png": "329749cd6393768d3131ed6304c136b1ca05f2fd",
    "/assets/icons/icon-512x512.png": "559d9c4318b45a1f2b10596bbb4c960fe521dbcc",
    "/assets/icons/icon-72x72.png": "c457e56089a36952cd67156f9996bc4ce54a5ed9",
    "/assets/icons/icon-96x96.png": "3914125a4b445bf111c5627875fc190f560daa41",
    "/assets/img/404.svg": "c944d1d12f74a6c676415d66987fa32a707adb04",
    "/assets/img/QRCode.png": "bd7af3099cefcdafeba3e3234e48c54a29370631",
    "/assets/img/apple-watch.png": "57b92e2c89fae4c48ad1028a956998346fe5d3a0",
    "/assets/img/bg1-dark.png": "bfb3dc1b6aa62c7109168c9b9ad153f09ab48b39",
    "/assets/img/bg1.png": "475f2f64249c6f4af7365f81b3d28acc498fed1a",
    "/assets/img/bg2-dark.png": "f573f5f50cb01c158d5966ab6f37054a23637457",
    "/assets/img/bg2.png": "22b906e5d49571d3d573ad10e9b6b7d485483e7e",
    "/assets/img/bg3-dark.png": "6c00b966357054d8716c32e1c5f7c29a2252e4c1",
    "/assets/img/bg3.png": "e661da3885a330cd9ab439851f5014cb701cf52b",
    "/assets/img/card-bg.png": "293ca0423904ee065e01f69e61e4c776cab238ec",
    "/assets/img/categories1.png": "790fd5359ba4e3b884205d17b2f930e31b23ac7c",
    "/assets/img/categories2.png": "8498ebb85789ad77e279af6ab91534cdb364a068",
    "/assets/img/categories3.jpg": "a9e115a9f5a924d370b8e03f643edd9e35a60297",
    "/assets/img/categories3.png": "8e2f87f6eeb0fb75e49305a5dacbab3c2fc4f9a6",
    "/assets/img/categories4.png": "6e751cc7574c18c58727fe6d72a7dfac9f84e657",
    "/assets/img/categories5.png": "b94dd7e7e9852d4a2ade8a91b272550ad722aa3c",
    "/assets/img/centerbutton.svg": "05a227cacb130a5c14222e422d3651dae54be16d",
    "/assets/img/checkmark.svg": "e2e0c1b205052c8678ee932fe91c6fafe1e257a8",
    "/assets/img/circle.svg": "011e3b0c7475aff755dfc67568d729fe1e00db39",
    "/assets/img/company2-50.png": "cf7e773f708a867e07135a69595c15b28fb56c83",
    "/assets/img/company2.png": "38430293ff65f45547aad3c80b7f7817dc02eb13",
    "/assets/img/company3.jpg": "0dae81432bfa1d60b2734caa135c0fee9851f035",
    "/assets/img/company4.jpg": "546741b9d0916c4d4563c44e94fc4d99b4250e4b",
    "/assets/img/company5.png": "d90318fb5bd5009acd8cb8a7e90afe5b30bbdc01",
    "/assets/img/company6.png": "56daed1b225bb26045f56b8545e3fea4c702b9ab",
    "/assets/img/company7.jpg": "ce2f668ea76b06cd3a69cc584919b14c3bc45a60",
    "/assets/img/darkbg-1.png": "1fab73f2c3891e34c61f40d0739de9d5eb067ef5",
    "/assets/img/darkbg-2.png": "ea1c5dc58671cdf477bd294e8b174f08e516eeae",
    "/assets/img/darkbg-3.png": "d5040725a3bb08fd9fddf16efc5ea65537cb5126",
    "/assets/img/favicon.png": "c57cd016cd457ecec7a7b4569c9abe91d8d565eb",
    "/assets/img/favicon144.png": "950af18eeef937a6f91e49bfa973b0099ded446d",
    "/assets/img/favicon152.png": "dfbc1a0df12a61e59195c8483e277f93836e402a",
    "/assets/img/favicon16.png": "823eb97f1dc425d5fe13806932644fea3c8dece4",
    "/assets/img/favicon180.png": "908e9ba0420f2a49d3faf741bc26ffe3fc9f967f",
    "/assets/img/favicon192.png": "5b65ca133b3ba3bdcf516d9225e47e8ef86bb06e",
    "/assets/img/favicon32.png": "6156e8e00cf6bbc18838358d7d83443f5d638d0e",
    "/assets/img/favicon48.png": "d5b87d75b5d897a3b3d23d24eec978a7019272d1",
    "/assets/img/favicon512.png": "c1e389f715d21debefb42392cf5f43a1c3a7b7b5",
    "/assets/img/favicon72.png": "61fed131a96775b384554ec91227247bd4b210b7",
    "/assets/img/favicon76.png": "fca03eee535f5af312fa070a493292c3daf71fcc",
    "/assets/img/favicon96.png": "3a4d1d6e8c03ef9a6b0fd85cc52f4990818a8389",
    "/assets/img/gomobileux-html.png": "d157d7cd4a2e2a69c9839b3021f0eb416c3b1c0a",
    "/assets/img/hand.png": "c655ffaa60ac029034891addab08f1293ab57b98",
    "/assets/img/hands2.png": "ad02863b34128899ef49c8b5d44cc0f9558adcf4",
    "/assets/img/image1.png": "29bb53d1a5993cae5f9c4a61be3d2f5ec079c4c7",
    "/assets/img/image2.jpg": "c74eafd1dcba69dc0b1b496fa62811f3f01837c9",
    "/assets/img/image3.jpg": "670357efc3a375bc290d99345320cbb5deb7c6a8",
    "/assets/img/image4.jpg": "de37da8317ac52f8d50a737d3d40e4e626b2c3d3",
    "/assets/img/intro2img.png": "2040147d8e79b002d4f9aa1f5ead37355e761d02",
    "/assets/img/introimg.png": "f5e5ac7ad092874c536cfe6b101fe166e986aaa6",
    "/assets/img/lock.png": "801051d9e34646a7c86692067c94b9a5c2240e7a",
    "/assets/img/logo.png": "0728d5a132c11c0f273113d0bbf4c17e822455fa",
    "/assets/img/maestro.png": "cc8f3048e5fb33a282205defcaaa91cb6e9cc846",
    "/assets/img/map@2x.png": "db4ababc213fb8467fadf59f964cf7969af66ef9",
    "/assets/img/menubg.svg": "33fc6f9be431e560600f882f16babafbdb12c31a",
    "/assets/img/news.jpg": "e369861ecd983e01964f2b37297e1492fede5f18",
    "/assets/img/news1.jpg": "c3c4ccc97dfad1dbf3877421d946510b659d0a1e",
    "/assets/img/news2.jpg": "378e2f7e894a421c611dbd885ba3e6bab90715bb",
    "/assets/img/news3.jpg": "6be2a67808a6f7ecbf1930ac1918dda8567c4bdd",
    "/assets/img/news4.jpg": "bfd3b7a93c6da807304f3ce8cd72c0f1589a83f2",
    "/assets/img/news5.jpg": "fe9e7cb8a0babc882e1127a456f372c58d31c099",
    "/assets/img/news6.png": "3310bff695f824b9012fc89618c0984ed0e3bb8c",
    "/assets/img/offerbg.png": "7b2bcf1cc0c0c19f6aed7ddac90fb250fd8b32d7",
    "/assets/img/password-bg.svg": "f69b879fe3d1a6a16356a7bba3885ec7f64cd206",
    "/assets/img/profilebg.svg": "4eb5e8eabbe1063fd8155c97fc345ecb994cae4e",
    "/assets/img/progress.png": "723d56184351d1036e5234208739c1c9608daa51",
    "/assets/img/setting-menu-1@2x.png": "f5c9630dfeac062b10262f499ede5a62c05efa54",
    "/assets/img/setting-menu-2@2x.png": "a74482741bab4a3712d3ca5e0122a0d955418748",
    "/assets/img/setting-menu-3@2x.png": "4df1734dc1f8b5b700e23aee77860779358f37e3",
    "/assets/img/splash2.png": "bef517a5863507ff622fa0a6832d2eb1069c88ca",
    "/assets/img/user1.jpg": "b52ad8f28c19aa15c889b28598be5ae565ed5288",
    "/assets/img/user2.jpg": "fa0bceb8369bdd1030411ae403bb5ff8175d6294",
    "/assets/img/user3.jpg": "775fe1e43a115fdb2eca3ea1d8027dadb342d031",
    "/assets/img/user4.jpg": "f9d24570d700c0ebdbf7092041565bd376fcd5ea",
    "/assets/img/verficationbg.svg": "5a73c17e164b1f164f0c2d32cd4615379a0d2353",
    "/assets/img/visa.png": "b1bcdc30ae00801a9caa398dce5e6dd7af0276e9",
    "/assets/js/popper.min.js": "6dbce88aee15b42f29083df7a07513cf3b486ba0",
    "/assets/scss/_avatar.scss": "337e7305e6357b2bd3c666a35d1535f08c0f43ec",
    "/assets/scss/_body.scss": "24f93415c78afa166661e1393e32325cfdbbc07c",
    "/assets/scss/_button.scss": "b6b167b3377ba86cfa415e1d8f905c1e659751dc",
    "/assets/scss/_card_toast_modal.scss": "73cbbdfb0fa744c3bf859bbfbaefbdc8ce177506",
    "/assets/scss/_darkmode.scss": "1ff7451e69e4bcbc50017745dbc91f072eac9c6a",
    "/assets/scss/_filter.scss": "5c2a58c8d49467872f59278184346c8881155eef",
    "/assets/scss/_footer.scss": "63d074e6e183e42ee0ae73d64c6dc9a6c6aa7621",
    "/assets/scss/_form.scss": "2e8fce1b32db7acc563efc1cce33598502764cb7",
    "/assets/scss/_fullcalendar.scss": "02d75e7774b1a1f417ba9cbf15eaa0e5ad1a7092",
    "/assets/scss/_header.scss": "a86d2d635aeead5b7486f5f912d3e39d377916b1",
    "/assets/scss/_list.scss": "2f474c8f9cc5819244cd157203212fbc9064a518",
    "/assets/scss/_loader.scss": "d32ba6b954c3797d242b203b7d9fd8b3252bcf1e",
    "/assets/scss/_logo.scss": "f3ce6b45c6486169be0abcc0a59f3bce595a0f68",
    "/assets/scss/_rtl.scss": "e05b8b1745a8f8d017c138e11a09574c87b477f0",
    "/assets/scss/_sidebar.scss": "faeb9946f0ad5ee82d7afaae651aa4d73a750a04",
    "/assets/scss/_swiperslides.scss": "0b00acf0f78698700ad40f5f0f273b69786af435",
    "/assets/scss/_tabs.scss": "14a934062639ed6ea902707e21d948ae40c3f041",
    "/assets/scss/_tags.scss": "3e902706a64ed2e55a7cfebbfe4e03fd7f66175e",
    "/assets/scss/_text.scss": "4a6a3f214e66d3b2df4fe60e562d4369f864afab",
    "/assets/scss/_thankyou.scss": "b9bc5b9dff1d97eb0356802881984ca98bb0e0e2",
    "/assets/scss/_utility.scss": "66c48b23edac4dfc8e0e99d19533c0ea6c32a07f",
    "/assets/scss/_variables.scss": "040cd06e0b80b130792429bf97379690a6c54f00",
    "/assets/scss/style.scss": "cc95984e3d414fce6ba8ecc890646f5bba30835d",
    "/assets/types/typing.d.ts": "06c148d7de534378e429a41df3c2c404e17ed9fd",
    "/assets/vendor/bootstrap-5/js/bootstrap.bundle.js": "39f80aad1598604e626dc5a92d7774f248ffc9dc",
    "/assets/vendor/bootstrap-5/js/bootstrap.bundle.min.js": "901169527507ff9e662cf64d8e361f359308970d",
    "/assets/vendor/bootstrap-5/js/bootstrap.js": "a345cb79acfffe97e04b4bc499d1bc2f52eda36e",
    "/assets/vendor/bootstrap-5/js/bootstrap.min.js": "3f094f010bfb0c022a51b62778d4361d1cad3fd6",
    "/assets/vendor/bootstrap-5/scss/_accordion.scss": "7a501e89cf799ecfb839e9bcd30d6b7ced457f18",
    "/assets/vendor/bootstrap-5/scss/_alert.scss": "753865f861799be472baaef06bf6dd994c01e6df",
    "/assets/vendor/bootstrap-5/scss/_badge.scss": "3a71c4c05ed2c07459c52d5fd6441d556ed1038b",
    "/assets/vendor/bootstrap-5/scss/_breadcrumb.scss": "e8b103c89ef0431b7dc912ce0853eb4b27532fa2",
    "/assets/vendor/bootstrap-5/scss/_button-group.scss": "47daa05a8e25f62b99bbfa48def05945765382f2",
    "/assets/vendor/bootstrap-5/scss/_buttons.scss": "293f0ef4a59647674ca13cef2c8117a499167032",
    "/assets/vendor/bootstrap-5/scss/_card.scss": "137b7f55040b98c7edff88f5319083d6cac01ca7",
    "/assets/vendor/bootstrap-5/scss/_carousel.scss": "235ca7beddf21f54697de68ae4c4fce53ec9ee6f",
    "/assets/vendor/bootstrap-5/scss/_close.scss": "3bc8149c456173bc0bca88f9838f1a2b317f5ca8",
    "/assets/vendor/bootstrap-5/scss/_containers.scss": "39499759bda1c0874043830138b035ce45a5e77f",
    "/assets/vendor/bootstrap-5/scss/_dropdown.scss": "efb07c63abd4293b468a9755e9d4072e4d5d5591",
    "/assets/vendor/bootstrap-5/scss/_forms.scss": "eec0aee711b41b56216025bcef152964c0b2dc2f",
    "/assets/vendor/bootstrap-5/scss/_functions.scss": "0ab7c78bd866ad39acfdbcb8d58a41a3e8fbf532",
    "/assets/vendor/bootstrap-5/scss/_grid.scss": "13bab5b05c11d647b15d92b7fd7a600a63fb0a5d",
    "/assets/vendor/bootstrap-5/scss/_helpers.scss": "e159f4f4030cbdb63a623c8415796b2882a47811",
    "/assets/vendor/bootstrap-5/scss/_images.scss": "0079370490e269becc044e7f9fa2714cf2ac0e72",
    "/assets/vendor/bootstrap-5/scss/_list-group.scss": "e6dc541295879287875c78666946950fd8650e39",
    "/assets/vendor/bootstrap-5/scss/_mixins.scss": "602183e23d413bf262a487e1ce82249a8eee0182",
    "/assets/vendor/bootstrap-5/scss/_modal.scss": "8f3cb1db3bad5864ffdabdc20ef714bd1ef7e412",
    "/assets/vendor/bootstrap-5/scss/_nav.scss": "f3ae811a08e32786d9e290749c2ef254187b04f6",
    "/assets/vendor/bootstrap-5/scss/_navbar.scss": "445d9c080d8b145c1c9e504cb23b84cbd0d8300a",
    "/assets/vendor/bootstrap-5/scss/_offcanvas.scss": "b0a7d61545ed01bb8b11443a32dcc4b1582ed6ff",
    "/assets/vendor/bootstrap-5/scss/_pagination.scss": "260da6032483cff3f8499ff603499411418daabf",
    "/assets/vendor/bootstrap-5/scss/_popover.scss": "07fc6e2842393198b6d3fbc7bb658962b2375be7",
    "/assets/vendor/bootstrap-5/scss/_progress.scss": "6143bbcc39ba42d784af35ce667f2b06c9a861d9",
    "/assets/vendor/bootstrap-5/scss/_reboot.scss": "5c2f475061a75136a529fee9606e3b1e11666f41",
    "/assets/vendor/bootstrap-5/scss/_root.scss": "356844dc4de07e37030729684b314f6423fddde0",
    "/assets/vendor/bootstrap-5/scss/_spinners.scss": "3458629c36a893f08aa4f30751c587e4fc932639",
    "/assets/vendor/bootstrap-5/scss/_tables.scss": "a5b30dec434c8b0d07b95a9cde328343bebfcac1",
    "/assets/vendor/bootstrap-5/scss/_toasts.scss": "4537a0f59a14c0d3154bd450adbf0680ee1d5035",
    "/assets/vendor/bootstrap-5/scss/_tooltip.scss": "6b450c39331c473cecabf5dcf8e59568d826a3a0",
    "/assets/vendor/bootstrap-5/scss/_transitions.scss": "8ae27b4b99e972c937b127d7815beec80e2d6f4b",
    "/assets/vendor/bootstrap-5/scss/_type.scss": "bada4d5dafe537dd3278f74c5f72fbee191d45d5",
    "/assets/vendor/bootstrap-5/scss/_utilities.scss": "9a278ded8224bb806b0baaf3aa40845d2e87451a",
    "/assets/vendor/bootstrap-5/scss/_variables.scss": "50c0d992009cae10bcc6037d7acf565c0e100f1f",
    "/assets/vendor/bootstrap-5/scss/bootstrap-grid.scss": "499bf49acc13b786373745bf5b644170fa99a4de",
    "/assets/vendor/bootstrap-5/scss/bootstrap-reboot.scss": "7041090de30f2c156c2dfd1a8250a34d469b79f4",
    "/assets/vendor/bootstrap-5/scss/bootstrap-utilities.scss": "7dfc86aad0c03739393807a3f30d3549d570ddef",
    "/assets/vendor/bootstrap-5/scss/bootstrap.scss": "fb38d69b4b30a0a54f9304be621aa6fccc56a5d6",
    "/assets/vendor/bootstrap-5/scss/forms/_floating-labels.scss": "0f01a68309c13f60d348e64a4c7bdc3677b52861",
    "/assets/vendor/bootstrap-5/scss/forms/_form-check.scss": "0340eddc2f323cc45c22e33eaed7a986f7c318e9",
    "/assets/vendor/bootstrap-5/scss/forms/_form-control.scss": "8a517491669645da2def5f40ab4470e9b6752de5",
    "/assets/vendor/bootstrap-5/scss/forms/_form-range.scss": "f1db26a1c767dad2b0f8daac86ea24ace96b7756",
    "/assets/vendor/bootstrap-5/scss/forms/_form-select.scss": "d4e9b875c68e9bcdc483a9ec7db210ae4f42f26a",
    "/assets/vendor/bootstrap-5/scss/forms/_form-text.scss": "9407a91bfd7ec88dfb943e5d51db363d792d5833",
    "/assets/vendor/bootstrap-5/scss/forms/_input-group.scss": "e8fe24937e7b4c477592b255b78b9cb1deb80428",
    "/assets/vendor/bootstrap-5/scss/forms/_labels.scss": "5a90c6e1805cbb1e87b3616cc2a7b72e9cdd5b64",
    "/assets/vendor/bootstrap-5/scss/forms/_validation.scss": "40fc79cfecb37b18e0bbb90d2eb69b47973fe2de",
    "/assets/vendor/bootstrap-5/scss/helpers/_clearfix.scss": "bf953d01858d3837478ba94bf68ee579d460b092",
    "/assets/vendor/bootstrap-5/scss/helpers/_colored-links.scss": "a99d9379bc79983d10c65f1bb1a72458a4af51ab",
    "/assets/vendor/bootstrap-5/scss/helpers/_position.scss": "ef6e10d7f960b72a77122a85107a07b1be667069",
    "/assets/vendor/bootstrap-5/scss/helpers/_ratio.scss": "8e3381608f03f761cdf9bd5c1c37675be1ff2361",
    "/assets/vendor/bootstrap-5/scss/helpers/_stretched-link.scss": "978b9acddaaf95421813597928c47d954d047047",
    "/assets/vendor/bootstrap-5/scss/helpers/_text-truncation.scss": "10fc231a3cedea645248461c50ee2d01057d6017",
    "/assets/vendor/bootstrap-5/scss/helpers/_visually-hidden.scss": "855e314dfc36cf05c6ef45746bd042d217a3e322",
    "/assets/vendor/bootstrap-5/scss/mixins/_alert.scss": "ffc862674bbee44e468a972b4eb4ca17ea1edbf2",
    "/assets/vendor/bootstrap-5/scss/mixins/_border-radius.scss": "b5faf352b1b60f4c81b195c8bbd520c1e50aacc8",
    "/assets/vendor/bootstrap-5/scss/mixins/_box-shadow.scss": "c6c235875c120e9ebc7c547cb220abc967a9fb43",
    "/assets/vendor/bootstrap-5/scss/mixins/_breakpoints.scss": "c017bcbbcdcc41527976fd161bb939a5ea1c32b7",
    "/assets/vendor/bootstrap-5/scss/mixins/_buttons.scss": "1aa69c6d46bff3575c8a0ef1fecf37355bcf32c4",
    "/assets/vendor/bootstrap-5/scss/mixins/_caret.scss": "749e4932c9eb0171fea56ca64788447a7f95622d",
    "/assets/vendor/bootstrap-5/scss/mixins/_clearfix.scss": "447acba4f087923927db3c008b26c70bb0a49719",
    "/assets/vendor/bootstrap-5/scss/mixins/_color-scheme.scss": "323ed6b9e99ea0d91fbea5d64bc0b08b46e9017c",
    "/assets/vendor/bootstrap-5/scss/mixins/_container.scss": "c14383dbc61b55af3a51b7f5fb6bfe1a773acc6e",
    "/assets/vendor/bootstrap-5/scss/mixins/_deprecate.scss": "235109d32a22d4a7043207eb2c1d50beec85d6de",
    "/assets/vendor/bootstrap-5/scss/mixins/_forms.scss": "760dc1ae2438672031a7dd6bc72f26e7cba5b659",
    "/assets/vendor/bootstrap-5/scss/mixins/_gradients.scss": "ce2434453f929b370dd74a3a51c08852dc03c743",
    "/assets/vendor/bootstrap-5/scss/mixins/_grid.scss": "f1422c1cc5c07c2cada416f455e22e4051522304",
    "/assets/vendor/bootstrap-5/scss/mixins/_image.scss": "f715e7ad5ee2500f3d05ee5637b98e45c5fd09db",
    "/assets/vendor/bootstrap-5/scss/mixins/_list-group.scss": "e99786bee4092c906d4e375a645ea219e0f1c47a",
    "/assets/vendor/bootstrap-5/scss/mixins/_lists.scss": "8a57052c7e617ae05c65f50125406ef2b05778e0",
    "/assets/vendor/bootstrap-5/scss/mixins/_pagination.scss": "3e4abbe34b3a3504e644ec86c229bbe92182c16d",
    "/assets/vendor/bootstrap-5/scss/mixins/_reset-text.scss": "a6ae188160a2e87a5fbad2fbd81c6085f7fae12a",
    "/assets/vendor/bootstrap-5/scss/mixins/_resize.scss": "3d2a20f6f3286817ef8ac1c445a315aba5803018",
    "/assets/vendor/bootstrap-5/scss/mixins/_table-variants.scss": "8b34d0ca066bd91bb1b43fe5670be75a94c7d717",
    "/assets/vendor/bootstrap-5/scss/mixins/_text-truncate.scss": "82d3db84717c968ad9972c98d081d45bce3f0354",
    "/assets/vendor/bootstrap-5/scss/mixins/_transition.scss": "23d848fc6012916c52e4dd50d5e586a27172e1bd",
    "/assets/vendor/bootstrap-5/scss/mixins/_utilities.scss": "9ca7ad0b7cc06294600e56e473b2c04defbeef0d",
    "/assets/vendor/bootstrap-5/scss/mixins/_visually-hidden.scss": "55d4d30b7aff81b7f247371fc4167cd5cf2c6a93",
    "/assets/vendor/bootstrap-5/scss/utilities/_api.scss": "8f754cad7d0f2bcd83fcc8ceb5dc7afd84a6051a",
    "/assets/vendor/bootstrap-5/scss/vendor/_rfs.scss": "4b70f5bb2b577c659bc384f384a02e8f5f7f57d5",
    "/assets/vendor/swiper/swiper-bundle.min.css": "e4d2fd97fa9db454944f4ea63afbcbb5d83edabd",
    "/bg1-dark.78af507dee80201f.png": "bfb3dc1b6aa62c7109168c9b9ad153f09ab48b39",
    "/bg1.59890ee7f74c3029.png": "475f2f64249c6f4af7365f81b3d28acc498fed1a",
    "/bg2-dark.6804081197e94054.png": "f573f5f50cb01c158d5966ab6f37054a23637457",
    "/bg2.f6e1fca81e24aea6.png": "22b906e5d49571d3d573ad10e9b6b7d485483e7e",
    "/bg3-dark.b3cc647295a8a0d8.png": "6c00b966357054d8716c32e1c5f7c29a2252e4c1",
    "/bg3.5d42bb44a4472920.png": "e661da3885a330cd9ab439851f5014cb701cf52b",
    "/favicon.ico": "22f6a4a3bcaafafb0254e0f2fa4ceb89e505e8b2",
    "/index.html": "70b8c1f40f36c8365a2ab6a4ec44f64a910e6fcc",
    "/main.386015975527e7ec.js": "28deadc82b4b08dadc997b857865ebef6488ae00",
    "/manifest.webmanifest": "76e082d6a73acf06d0c7526da90ee358659dba9d",
    "/polyfills.8d2333b106c7cbfa.js": "49318072c78d8826a3df8cad751e8b698990b65f",
    "/runtime.5f479de1cb9d370b.js": "b1617e9a7171396f9183bb162d05d9047647aa28",
    "/scripts.26a754aece22335e.js": "4a0932f83b9b5a759a6f62a0336645cb6dd026a1",
    "/styles.e15d455fdf4063e1.css": "1d22db69e74010620cc2c966f943c7aaa6c69822"
  },
  "navigationUrls": [
    {
      "positive": true,
      "regex": "^\\/.*$"
    },
    {
      "positive": false,
      "regex": "^\\/(?:.+\\/)?[^/]*\\.[^/]*$"
    },
    {
      "positive": false,
      "regex": "^\\/(?:.+\\/)?[^/]*__[^/]*$"
    },
    {
      "positive": false,
      "regex": "^\\/(?:.+\\/)?[^/]*__[^/]*\\/.*$"
    }
  ],
  "navigationRequestStrategy": "performance"
}